<keymap version="1" name="Pure MacOS keymaps" parent="Mac OS X 10.5+">
  <action id="ActivateBookmarksToolWindow" />
  <action id="ActivateDatabaseToolWindow">
    <keyboard-shortcut first-keystroke="meta 2" />
  </action>
  <action id="ChangesView.Move" />
  <action id="ChangesView.SetDefault" />
  <action id="ClassNameCompletion" />
  <action id="CloseAllEditorsButActive">
    <keyboard-shortcut first-keystroke="shift meta w" />
  </action>
  <action id="CodeCompletion" />
  <action id="DuplicatesForm.SendToRight" />
  <action id="EditorLineEnd">
    <keyboard-shortcut first-keystroke="end" />
    <keyboard-shortcut first-keystroke="ctrl e" />
  </action>
  <action id="EditorLineEndWithSelection">
    <keyboard-shortcut first-keystroke="shift end" />
  </action>
  <action id="EditorLineStart">
    <keyboard-shortcut first-keystroke="home" />
    <keyboard-shortcut first-keystroke="ctrl a" />
  </action>
  <action id="EditorLineStartWithSelection">
    <keyboard-shortcut first-keystroke="shift home" />
  </action>
  <action id="FileChooser.GotoProject" />
  <action id="GotoAction" />
  <action id="Jdbc.OpenConsole.New" />
  <action id="NavBar-selectHome">
    <keyboard-shortcut first-keystroke="home" />
    <keyboard-shortcut first-keystroke="ctrl a" />
  </action>
  <action id="NextProjectWindow">
    <keyboard-shortcut first-keystroke="meta right" />
  </action>
  <action id="NextTab">
    <keyboard-shortcut first-keystroke="shift meta right" />
  </action>
  <action id="PreviousProjectWindow">
    <keyboard-shortcut first-keystroke="meta left" />
  </action>
  <action id="PreviousTab">
    <keyboard-shortcut first-keystroke="shift meta left" />
  </action>
  <action id="Vcs.MoveChangedLinesToChangelist" />
</keymap>